directory name	variant type	filter	chrom	start	end	ref	alt	gene	transcript	json coverage	bed coverage	json vs bed coverage	relative difference
TWAO-108032713-W23-5115-BM2-lib1	TIER1-3	PASS	chr21	34880627	34880642	ATTTCTCAGCTCAGCC	A	RUNX1	ENST00000675419	7137	2508	4629	1.84569
TWAO-201516155-W23-5090-BM-lib1	TIER1-3	LowVAF	chr2	25237001	25237005	ACGGC	A	DNMT3A	ENST00000321117	6347	3664	2683	0.73226
TWAO-202143635-W23-5271-BM-lib1	FILTERED	base_quality;weak_evidence;LowVAF	chr20	32434933	32434934	A	C	ASXL1	ENST00000375687	3700	1692	2008	1.18676
TWAO-MS-Positive-Control-W22-6944-BM-lib16	TIER1-3	PASS	chr20	32434638	32434640	AGG	A	ASXL1	ENST00000375687	5202	3468	1734	0.5
TWAO-103144074-W23-5051-BM-lib1	TIER1-3	PASS	chr19	12943750	12943802	AGCAGAGGCTTAAGGAGGAGGAAGAAGACAAGAAACGCAAAGAGGAGGAGGAG	A	CALR	ENST00000316448	2005	322	1683	5.22671
TWAO-201796057-W23-5143-BM2-lib1	TIER1-3	PASS	chr7	102248965	102248966	GC	G	CUX1	ENST00000292535	4019	2395	1624	0.67808
TWAO-202143635-W23-5271-BM-lib1	FILTERED	base_quality;LowVAF	chr20	32435023	32435024	T	G	ASXL1	ENST00000375687	1447	392	1055	2.69133
TWAO-105163199-W23-5089-BM-lib1	TIER1-3	PASS	chr4	105275615	105275622	AGGGAGAT	A	TET2	ENST00000380013	4179	3529	650	0.18419
TWAO-108783743-W23-5282-BM-lib1	TIER1-3	PASS	chr7	148828810	148828813	GTCA	G	EZH2	ENST00000320356	693	78	615	7.88462
TWAO-103212136-W23-5185-BM-lib1	TIER1-3	PASS	chr20	32435396	32435397	CT	C	ASXL1	ENST00000375687	1954	1376	578	0.42006
TWAO-108032713-W23-5115-BM2-lib1	TIER1-3	StrandSupport	chrX	134415076	134415078	ATATTAAAACTGTACTT	TA	PHF6	ENST00000370803	1017	521	496	0.95202
TWAO-101484893-W23-5251-BM-lib1	TIER1-3	PASS	chr20	32434788	32434789	C	T	ASXL1	ENST00000375687	4807	4321	486	0.11247
TWAO-104533120-W23-5281-BM-lib1	TIER1-3	PASS	chr19	33302167	33302168	TG	T	CEBPA	ENST00000498907	1056	583	473	0.81132
TWAO-201796057-W23-5143-BM2-lib1	FILTERED	LowQualReadBias;LowVAF	chr17	31937406	31937409	GCCT	G	SUZ12	ENST00000322652	3467	3001	466	0.15528
TWAO-106444776-W23-5197-PB-lib1	TIER1-3	PASS	chr19	33302118	33302119	GC	G	CEBPA	ENST00000498907	1960	1515	445	0.29373
TWAO-107196322-W23-5284-BM-lib1	TIER1-3	PASS	chr11	32396396	32396397	C	CGTAA	WT1	ENST00000452863	7988	7556	432	0.05717
TWAO-101484893-W23-5251-BM-lib1	FILTERED	StrandSupport;LowQualReads	chr21	34792296	34792297	G	GCGCGGCGGGGGGCGCGCGCCGCCCCCCCCGGCGCA	RUNX1	ENST00000675419	2005	1602	403	0.25156
TWAO-106444776-W23-5056-BM-lib1	FILTERED	BLACKLIST	chr19	33301927	33301928	C	CCTGCTTGATCACCAGCGGCCGCAGCGCCGGCGCCCCGACGCGCTCGTACAGGGGCTCCAGCCTGCCGTCTT	CEBPA	ENST00000498907	1227	975	252	0.25846
TWAO-108007890-W23-5011-BM3-lib1	FILTERED	StrandSupport;LowQualReadBias;LowQualReads	chr21	34792296	34792297	G	GCGCGGCGGGGGGGGGGGGCCGCCCCCCCCCCCGAC	RUNX1	ENST00000675419	1850	1620	230	0.14198
TWAO-106444776-W23-5197-PB-lib1	TIER1-3	LowVAF	chr4	105234924	105234925	GT	G	TET2	ENST00000380013	9563	9389	174	0.01853
TWAO-201723434-W23-5114-BM-lib1	FILTERED	StrandSupport;LowQualReadBias;LowQualReads	chr3	128486179	128486180	C	CAGAGAGTGGGCCTCCAGGGCCTCCAGCAGCTGAGGGGTGCAGTGGCGTCTTGGAGAAGGGGCTCACAGATCGGA	GATA2	ENST00000341105	3503	3338	165	0.04943
TWAO-202153377-W23-5261-BM-lib1	TIER1-3	LowVAF	chr4	105235634	105235639	GATTGA	G	TET2	ENST00000380013	4858	4760	98	0.02059
TWAO-103562837-W23-5141-BM2-lib1	FILTERED	StrandSupport	chr17	31155996	31155997	A	AGGACAGCAGAACACACATACCAAAGTCAGTACTGAGCACAACAAGGAATGTCTAATCAATATTTCCAAATACAAGTTTTCTTTGGTTATAAGC	NF1	ENST00000358273	2094	2027	67	0.03305
TWAO-108007890-W23-5011-BM3-lib1	FILTERED	StrandSupport;LowVAF	chr17	31155996	31155997	A	AGGACAGCAGAACACACATACCAAAGTCAGTACTGAGCACAACAAGGAATGTCTAATCAATATTTCCAAATACAAGTTTTCTTTGGTTATAAGT	NF1	ENST00000358273	3073	3015	58	0.01924
TWAO-108032713-W23-5115-BM2-lib1	TIER1-3	PASS	chr20	32434637	32434638	A	AG	ASXL1	ENST00000375687	5335	5324	11	0.00207
TWAO-201723434-W23-5114-BM-lib1	FILTERED	LowQualReadBias;LowVAF	chr17	31223514	31223515	A	AGTGGTTGCGGGAAATATTGATCTGCAGGAATAAATTTCTTCTTAAGATCGGAAAGAGCGTCGTGTAGGGAAAGAGTGTCAAGGGGGCGGTGTAGATCTCG	NF1	ENST00000358273	4184	4179	5	0.0012
TWAO-107016815-W23-5248-PB-lib1	FILTERED	LowQualReadBias;LowVAF	chr2	25240670	25240671	G	GGAGAGGTCATTGCAGGGACTGA	DNMT3A	ENST00000321117	9632	9627	5	0.00052
TWAO-202143635-W23-5271-BM-lib1	FILTERED	LowQualReadBias;LowVAF	chrX	130056027	130056028	C	CGACAGATCCCCCCCAGGCTCCTCTGA	BCORL1	ENST00000540052	3802	3797	5	0.00132
TWAO-103212136-W23-5185-BM-lib1	TIER1-3	PASS	chr1	36466613	36466614	A	AGCCCCGCTATTC	CSF3R	ENST00000373106	8800	8795	5	0.00057
TWAO-202153377-W23-5261-BM-lib1	TIER1-3	LowVAF	chr13	28034116	28034117	A	AGATCATATTCATATTCTCTGAAAGGGG	FLT3	ENST00000241453	6759	6756	3	0.00044
TWAO-104533120-W23-5281-BM-lib1	TIER1-3	PASS	chr19	33301474	33301475	C	CCTT	CEBPA	ENST00000498907	4088	4086	2	0.00049
TWAO-201516155-W23-5090-BM-lib1	TIER1-3	PASS	chr21	34886911	34886912	G	GCTGT	RUNX1	ENST00000675419	5900	5899	1	0.00017
TWAO-201280541-W23-5184-BM-lib1	TIER1-3	PASS	chr17	31227541	31227542	C	G	NF1	ENST00000358273	6301	6301	0	0.0
TWAO-103144074-W23-5051-BM-lib1	FILTERED	weak_evidence;LowVAF	chr8	127738616	127738617	C	A	MYC	ENST00000621592	6647	6647	0	0.0
TWAO-105163199-W23-5089-BM-lib1	TIER1-3	LowVAF	chr17	7675184	7675185	C	T	TP53	ENST00000269305	8247	8247	0	0.0
TWAO-108032713-W23-5115-BM2-lib1	TIER1-3	PASS	chr2	25244544	25244545	G	C	DNMT3A	ENST00000321117	5672	5672	0	0.0
TWAO-201280541-W23-5184-BM-lib1	FILTERED	weak_evidence;LowVAF	chr1	36466457	36466458	C	A	CSF3R	ENST00000373106	5934	5934	0	0.0
TWAO-104533120-W23-5281-BM-lib1	TIER1-3	PASS	chr3	128483915	128483916	G	A	GATA2	ENST00000341105	3628	3628	0	0.0
TWAO-201791635-W23-5078-BM-lib1	TIER1-3	PASS	chr5	177515943	177515944	T	TCATC	DDX41	ENST00000330503	6468	6468	0	0.0
TWAO-106444776-W23-5056-BM-lib1	FILTERED	read_position;LowVAF	chr21	34834543	34834544	C	T	RUNX1	ENST00000675419	3423	3423	0	0.0
TWAO-107196322-W23-5284-BM-lib1	FILTERED	weak_evidence;LowVAF	chr20	32437299	32437300	C	A	ASXL1	ENST00000375687	7937	7937	0	0.0
TWAO-201516155-W23-5090-BM-lib1	FILTERED	weak_evidence;LowVAF	chr17	31232764	31232765	C	A	NF1	ENST00000358273	7308	7308	0	0.0
TWAO-201516155-W23-5090-BM-lib1	FILTERED	weak_evidence;LowVAF	chr20	32433282	32433283	G	T	ASXL1	ENST00000375687	6420	6420	0	0.0
TWAO-107196322-W23-5284-BM-lib1	FILTERED	weak_evidence;LowVAF	chr11	32428607	32428608	C	A	WT1	ENST00000452863	7258	7258	0	0.0
TWAO-107196322-W23-5284-BM-lib1	TIER1-3	PASS	chr21	34792514	34792515	A	AAGGG	RUNX1	ENST00000675419	6080	6080	0	0.0
TWAO-107196322-W23-5284-BM-lib1	TIER1-3	PASS	chr13	28034124	28034125	T	TTCATATTCTCTGAATACGCCCCCC	FLT3	ENST00000241453	6043	6043	0	0.0
TWAO-105188778-W23-5079-BM-lib1	TIER1-3	LowVAF	chr7	101916192	101916193	C	T	CUX1	ENST00000292535	6248	6248	0	0.0
TWAO-201796057-W23-5143-BM2-lib1	TIER1-3	PASS	chr4	105242837	105242838	G	A	TET2	ENST00000380013	1994	1994	0	0.0
TWAO-202138202-W23-5245-BM-lib1	FILTERED	weak_evidence;LowVAF	chr22	28734649	28734650	G	T	CHEK2	ENST00000404276	7403	7403	0	0.0
TWAO-202138202-W23-5245-BM-lib1	FILTERED	weak_evidence;LowVAF	chrX	130039140	130039141	G	T	BCORL1	ENST00000540052	8204	8204	0	0.0
TWAO-202138202-W23-5245-BM-lib1	FILTERED	weak_evidence;LowVAF	chrX	53411857	53411858	G	T	SMC1A	ENST00000322213	7327	7327	0	0.0
TWAO-105982473-W23-5162-BM-lib1	TIER1-3	LowVAF	chr5	177513382	177513384	GC	AT	DDX41	ENST00000330503	2877	2877	0	0.0
TWAO-201796057-W23-5143-BM2-lib1	TIER1-3	PASS	chrX	134413821	134413822	G	A	PHF6	ENST00000370803	2794	2794	0	0.0
TWAO-202143635-W23-5271-BM-lib1	TIER1-3	PASS	chr4	105269726	105269727	A	AT	TET2	ENST00000380013	975	975	0	0.0
TWAO-103212136-W23-5185-BM-lib1	FILTERED	weak_evidence;LowVAF	chr12	112489025	112489026	G	T	PTPN11	ENST00000351677	10156	10156	0	0.0
TWAO-103212136-W23-5185-BM-lib1	FILTERED	read_position;LowVAF	chr17	60663051	60663052	G	T	PPM1D	ENST00000305921	5912	5912	0	0.0
TWAO-201878424-W23-5285-BM-lib1	FILTERED	no_reliable_supporting_read;LowVAF	chr17	31249064	31249065	T	A	NF1	ENST00000358273	2398	2398	0	0.0
TWAO-202153377-W23-5261-BM-lib1	FILTERED	weak_evidence;LowVAF	chrX	40062957	40062958	G	T	BCOR	ENST00000378444	8031	8031	0	0.0
TWAO-202138202-W23-5245-BM-lib1	TIER1-3	PASS	chr7	102104412	102104413	C	T	CUX1	ENST00000292535	3444	3444	0	0.0
TWAO-202138202-W23-5245-BM-lib1	FILTERED	weak_evidence;LowVAF	chr1	36466649	36466650	G	T	CSF3R	ENST00000373106	7207	7207	0	0.0
TWAO-202138202-W23-5245-BM-lib1	FILTERED	weak_evidence;LowVAF	chr4	105259661	105259662	G	T	TET2	ENST00000380013	5969	5969	0	0.0
TWAO-202138202-W23-5245-BM-lib1	FILTERED	weak_evidence;LowVAF	chr9	136502389	136502390	G	T	NOTCH1	ENST00000651671	6718	6718	0	0.0
TWAO-202138202-W23-5245-BM-lib1	FILTERED	weak_evidence;LowVAF	chr13	28018471	28018472	C	A	FLT3	ENST00000241453	5948	5948	0	0.0
TWAO-202138202-W23-5245-BM-lib1	FILTERED	weak_evidence;LowVAF	chr17	42323315	42323316	C	A	STAT3	ENST00000264657	6408	6408	0	0.0
TWAO-106444776-W23-5197-PB-lib1	TIER1-3	PASS	chrX	15815675	15815676	G	A	ZRSR2	ENST00000307771	2378	2378	0	0.0
TWAO-106444776-W23-5197-PB-lib1	TIER1-3	PASS	chr10	110584232	110584233	G	A	SMC3	ENST00000361804	2550	2550	0	0.0
TWAO-106444776-W23-5197-PB-lib1	TIER1-3	PASS	chr4	105269720	105269721	C	G	TET2	ENST00000380013	3418	3418	0	0.0
TWAO-201280541-W23-5184-BM-lib1	FILTERED	weak_evidence;LowVAF	chr2	25239215	25239216	C	A	DNMT3A	ENST00000321117	6650	6650	0	0.0
TWAO-202138202-W23-5245-BM-lib1	FILTERED	weak_evidence;LowVAF	chr20	32436195	32436196	G	T	ASXL1	ENST00000375687	9257	9257	0	0.0
TWAO-201796057-W23-5143-BM2-lib1	TIER1-3	PASS	chr4	105272572	105272573	C	CT	TET2	ENST00000380013	7301	7301	0	0.0
TWAO-202138202-W23-5245-BM-lib1	FILTERED	weak_evidence;LowVAF	chrX	40055484	40055485	G	T	BCOR	ENST00000378444	9507	9507	0	0.0
TWAO-108783743-W23-5282-BM-lib1	TIER1-3	PASS	chr4	54733154	54733155	A	T	KIT	ENST00000288135	2356	2356	0	0.0
TWAO-108783743-W23-5282-BM-lib1	TIER1-3	PASS	chr1	114716122	114716123	C	T	NRAS	ENST00000369535	6353	6353	0	0.0
TWAO-202138202-W23-5245-BM-lib1	FILTERED	weak_evidence;LowVAF	chrX	53382344	53382345	C	A	SMC1A	ENST00000322213	6948	6948	0	0.0
TWAO-202138202-W23-5245-BM-lib1	FILTERED	weak_evidence;LowVAF	chr20	32436194	32436195	G	T	ASXL1	ENST00000375687	9257	9257	0	0.0
TWAO-105188778-W23-5079-BM-lib1	TIER1-3	LowVAF	chr7	102200154	102200155	T	TC	CUX1	ENST00000292535	1601	1601	0	0.0
TWAO-200054718-W23-5200-BM-lib1	FILTERED	weak_evidence;LowVAF	chr18	44953147	44953148	G	T	SETBP1	ENST00000649279	5352	5352	0	0.0
TWAO-105574860-W23-5249-BM-lib1	FILTERED	weak_evidence;LowVAF	chr17	31337468	31337469	G	T	NF1	ENST00000358273	6923	6923	0	0.0
TWAO-108007890-W23-5011-BM3-lib1	FILTERED	weak_evidence;LowVAF	chr4	105276477	105276478	G	T	TET2	ENST00000380013	9990	9990	0	0.0
TWAO-201280541-W23-5184-BM-lib1	FILTERED	weak_evidence;LowVAF	chr5	177513456	177513457	C	A	DDX41	ENST00000330503	7306	7306	0	0.0
TWAO-105574860-W23-5249-BM-lib1	FILTERED	weak_evidence;LowVAF	chr18	44951776	44951777	G	T	SETBP1	ENST00000649279	6728	6728	0	0.0
TWAO-201280541-W23-5184-BM-lib1	FILTERED	weak_evidence;LowVAF	chr20	32435657	32435658	G	T	ASXL1	ENST00000375687	6875	6875	0	0.0
TWAO-201280541-W23-5184-BM-lib1	FILTERED	weak_evidence;LowVAF	chr17	42322322	42322323	C	A	STAT3	ENST00000264657	6807	6807	0	0.0
TWAO-105574860-W23-5249-BM-lib1	FILTERED	weak_evidence;LowVAF	chr18	44950949	44950950	C	A	SETBP1	ENST00000649279	7280	7280	0	0.0
TWAO-105574860-W23-5249-BM-lib1	FILTERED	weak_evidence;LowVAF	chr5	177514699	177514700	C	A	DDX41	ENST00000330503	6917	6917	0	0.0
TWAO-105574860-W23-5249-BM-lib1	TIER1-3	PASS	chr9	136496268	136496269	G	C	NOTCH1	ENST00000651671	4262	4262	0	0.0
TWAO-201280541-W23-5184-BM-lib1	FILTERED	weak_evidence;LowVAF	chrX	15331850	15331851	G	T	PIGA	ENST00000333590	6409	6409	0	0.0
TWAO-105574860-W23-5249-BM-lib1	FILTERED	weak_evidence;LowVAF	chr3	128485865	128485866	G	T	GATA2	ENST00000341105	8018	8018	0	0.0
TWAO-200054718-W23-5200-BM-lib1	FILTERED	weak_evidence;LowVAF	chr17	31249098	31249099	G	T	NF1	ENST00000358273	5501	5501	0	0.0
TWAO-201805813-W23-5093-BM-lib1	FILTERED	base_quality;weak_evidence	chrX	53394813	53394814	A	C	SMC1A	ENST00000322213	113	113	0	0.0
TWAO-102552878-W23-5092-BM-lib1	FILTERED	weak_evidence;LowVAF	chr17	7669689	7669690	G	T	TP53	ENST00000269305	7619	7619	0	0.0
TWAO-200054718-W23-5200-BM-lib1	FILTERED	weak_evidence;LowVAF	chr11	32396381	32396382	G	T	WT1	ENST00000452863	5314	5314	0	0.0
TWAO-105574860-W23-5249-BM-lib1	FILTERED	weak_evidence;LowVAF	chr18	44953089	44953090	C	A	SETBP1	ENST00000649279	6579	6579	0	0.0
TWAO-MS-Positive-Control-W22-6944-BM-lib16	TIER1-3	PASS	chr4	105237351	105237352	G	GT	TET2	ENST00000380013	3567	3567	0	0.0
TWAO-MS-Positive-Control-W22-6944-BM-lib16	TIER1-3	PASS	chr4	105275469	105275470	C	T	TET2	ENST00000380013	3624	3624	0	0.0
TWAO-201280541-W23-5184-BM-lib1	FILTERED	weak_evidence;LowVAF	chr4	105259699	105259700	C	A	TET2	ENST00000380013	7600	7600	0	0.0
TWAO-105574860-W23-5249-BM-lib1	FILTERED	weak_evidence;LowVAF	chrX	15331801	15331802	G	T	PIGA	ENST00000333590	7146	7146	0	0.0
TWAO-202035007-W23-5244-BM-lib1	TIER1-3	PASS	chr11	32396377	32396378	C	CG	WT1	ENST00000452863	7415	7415	0	0.0
TWAO-201723434-W23-5114-BM-lib1	FILTERED	weak_evidence;LowVAF	chr2	25239141	25239142	G	T	DNMT3A	ENST00000321117	9061	9061	0	0.0
TWAO-201280541-W23-5184-BM-lib1	FILTERED	weak_evidence;LowVAF	chrX	15820218	15820219	C	A	ZRSR2	ENST00000307771	6427	6427	0	0.0
TWAO-MS-Positive-Control-W22-6944-BM-lib16	TIER1-3	PASS	chr17	76736876	76736877	G	T	SRSF2	ENST00000359995	4629	4629	0	0.0
TWAO-201280541-W23-5184-BM-lib1	FILTERED	weak_evidence;LowVAF	chr4	105275792	105275793	C	A	TET2	ENST00000380013	6382	6382	0	0.0
TWAO-105574860-W23-5249-BM-lib1	TIER1-3	PASS	chr2	197402636	197402637	T	C	SF3B1	ENST00000335508	3014	3015	-1	-0.00033
TWAO-108783743-W23-5282-BM-lib1	TIER1-3	PASS	chr12	112489083	112489084	G	C	PTPN11	ENST00000351677	5102	5103	-1	-0.0002
TWAO-202138202-W23-5245-BM-lib1	FILTERED	weak_evidence;LowVAF	chr21	43094671	43094672	G	T	U2AF1	ENST00000291552	7932	7933	-1	-0.00013
TWAO-106352110-W23-5075-BM-lib1	FILTERED	weak_evidence;LowVAF	chr5	177515771	177515772	G	T	DDX41	ENST00000330503	9489	9490	-1	-0.00011
TWAO-201723434-W23-5114-BM-lib1	FILTERED	weak_evidence;LowVAF	chr2	25244616	25244617	G	T	DNMT3A	ENST00000321117	11238	11239	-1	-9e-05
TWAO-102552878-W23-5092-BM-lib1	FILTERED	weak_evidence;LowVAF	chrX	53380708	53380709	G	T	SMC1A	ENST00000322213	7411	7412	-1	-0.00013
TWAO-202138202-W23-5245-BM-lib1	FILTERED	weak_evidence;LowVAF	chr17	60663527	60663528	C	A	PPM1D	ENST00000305921	8506	8507	-1	-0.00012
TWAO-201723434-W23-5114-BM-lib1	TIER1-3	LowVAF	chrX	130016138	130016139	A	G	BCORL1	ENST00000540052	3511	3512	-1	-0.00028
TWAO-101484893-W23-5251-BM-lib1	FILTERED	weak_evidence;LowVAF	chr20	32431616	32431617	G	T	ASXL1	ENST00000375687	8113	8114	-1	-0.00012
TWAO-202138202-W23-5245-BM-lib1	FILTERED	weak_evidence;LowVAF	chr12	112489033	112489034	C	A	PTPN11	ENST00000351677	9907	9908	-1	-0.0001
TWAO-202153377-W23-5261-BM-lib1	FILTERED	weak_evidence;LowVAF	chr20	32436198	32436199	G	T	ASXL1	ENST00000375687	7488	7489	-1	-0.00013
TWAO-201280541-W23-5184-BM-lib1	FILTERED	weak_evidence;LowVAF	chr2	25247622	25247623	C	A	DNMT3A	ENST00000321117	6361	6362	-1	-0.00016
TWAO-105574860-W23-5249-BM-lib1	TIER1-3	PASS	chr17	7674889	7674890	T	C	TP53	ENST00000269305	4668	4669	-1	-0.00021
TWAO-201682401-W23-5060-BM-lib1	TIER1-3	PASS	chr9	5073769	5073770	G	T	JAK2	ENST00000381652	2831	2832	-1	-0.00035
TWAO-202143635-W23-5271-BM-lib1	FILTERED	read_position;LowVAF	chrX	53409481	53409482	G	A	SMC1A	ENST00000322213	6326	6327	-1	-0.00016
TWAO-102552878-W23-5092-BM-lib1	TIER1-3	PASS	chrX	15321587	15321588	G	C	PIGA	ENST00000333590	2370	2371	-1	-0.00042
TWAO-103144074-W23-5051-BM-lib1	FILTERED	weak_evidence;LowVAF	chr1	36469698	36469699	G	T	CSF3R	ENST00000373106	6515	6516	-1	-0.00015
TWAO-103144074-W23-5051-BM-lib1	FILTERED	read_position;LowVAF	chr4	105272870	105272871	C	A	TET2	ENST00000380013	5117	5118	-1	-0.0002
TWAO-103144074-W23-5051-BM-lib1	FILTERED	weak_evidence;LowVAF	chrX	124086663	124086664	G	T	STAG2	ENST00000371145	7201	7202	-1	-0.00014
TWAO-103636692-W23-5198-BM-lib1	FILTERED	read_position;LowVAF	chr4	105272656	105272657	G	A	TET2	ENST00000380013	7289	7290	-1	-0.00014
TWAO-102552878-W23-5092-BM-lib1	FILTERED	weak_evidence;LowVAF	chr1	36475492	36475493	G	T	CSF3R	ENST00000373106	8440	8441	-1	-0.00012
TWAO-201791635-W23-5078-BM-lib1	FILTERED	read_position;LowVAF	chr7	102202144	102202145	C	T	CUX1	ENST00000292535	5352	5353	-1	-0.00019
TWAO-105574860-W23-5249-BM-lib1	FILTERED	weak_evidence;LowVAF	chr18	44953132	44953133	G	T	SETBP1	ENST00000649279	8982	8983	-1	-0.00011
TWAO-105982473-W23-5162-BM-lib1	TIER1-3	PASS	chr17	7674249	7674250	C	A	TP53	ENST00000269305	6085	6086	-1	-0.00016
TWAO-105982473-W23-5162-BM-lib1	FILTERED	read_position;LowVAF	chr21	34834517	34834518	G	A	RUNX1	ENST00000675419	4153	4154	-1	-0.00024
TWAO-201796057-W23-5143-BM2-lib1	TIER1-3	PASS	chr4	105276207	105276208	G	T	TET2	ENST00000380013	5875	5876	-1	-0.00017
TWAO-201796057-W23-5143-BM2-lib1	TIER1-3	PASS	chrX	15815794	15815795	G	T	ZRSR2	ENST00000307771	1229	1230	-1	-0.00081
TWAO-201796057-W23-5143-BM2-lib1	TIER1-3	PASS	chrX	15820261	15820262	C	T	ZRSR2	ENST00000307771	1940	1941	-1	-0.00052
TWAO-105574860-W23-5249-BM-lib1	FILTERED	weak_evidence;LowVAF	chr7	102204392	102204393	G	T	CUX1	ENST00000292535	7299	7300	-1	-0.00014
TWAO-103212136-W23-5185-BM-lib1	FILTERED	weak_evidence;LowVAF	chr1	36475544	36475545	G	T	CSF3R	ENST00000373106	11959	11960	-1	-8e-05
TWAO-105574860-W23-5249-BM-lib1	FILTERED	weak_evidence;LowVAF	chr2	25244615	25244616	C	A	DNMT3A	ENST00000321117	10209	10210	-1	-0.0001
TWAO-108783743-W23-5282-BM-lib1	TIER1-3	PASS	chr12	25245349	25245350	C	A	KRAS	ENST00000311936	1990	1991	-1	-0.0005
TWAO-201280541-W23-5184-BM-lib1	FILTERED	weak_evidence;LowVAF	chrX	53399703	53399704	C	A	SMC1A	ENST00000322213	5907	5908	-1	-0.00017
TWAO-202138202-W23-5245-BM-lib1	FILTERED	weak_evidence;LowVAF	chrX	130013678	130013679	G	T	BCORL1	ENST00000540052	6206	6207	-1	-0.00016
TWAO-202138202-W23-5245-BM-lib1	FILTERED	weak_evidence;LowVAF	chrX	53409134	53409135	C	A	SMC1A	ENST00000322213	6570	6571	-1	-0.00015
TWAO-201280541-W23-5184-BM-lib1	FILTERED	weak_evidence;LowVAF	chr7	102239364	102239365	G	T	CUX1	ENST00000292535	7848	7849	-1	-0.00013
TWAO-201280541-W23-5184-BM-lib1	FILTERED	weak_evidence;LowVAF	chr12	112489042	112489043	C	A	PTPN11	ENST00000351677	8977	8978	-1	-0.00011
TWAO-201516155-W23-5090-BM-lib1	TIER1-3	PASS	chr17	76736876	76736877	G	C	SRSF2	ENST00000359995	1924	1925	-1	-0.00052
TWAO-103562837-W23-5141-BM2-lib1	TIER1-3	PASS	chr1	36471479	36471480	G	A	CSF3R	ENST00000373106	2838	2839	-1	-0.00035
TWAO-105188778-W23-5079-BM-lib1	TIER1-3	PASS	chr5	177512179	177512180	C	G	DDX41	ENST00000330503	4127	4128	-1	-0.00024
TWAO-200054718-W23-5200-BM-lib1	FILTERED	weak_evidence;LowVAF	chr20	32435635	32435636	G	T	ASXL1	ENST00000375687	5901	5902	-1	-0.00017
TWAO-200249928-W23-5250-BM-lib1	TIER1-3	LowVAF	chr5	177512353	177512354	C	T	DDX41	ENST00000330503	5058	5059	-1	-0.0002
TWAO-200054718-W23-5200-BM-lib1	FILTERED	weak_evidence;LowVAF	chr7	102234113	102234114	G	T	CUX1	ENST00000292535	8253	8254	-1	-0.00012
TWAO-108032713-W23-5115-BM2-lib1	FILTERED	weak_evidence;LowVAF	chr2	25246280	25246281	G	T	DNMT3A	ENST00000321117	7841	7842	-1	-0.00013
TWAO-200054718-W23-5200-BM-lib1	FILTERED	weak_evidence;LowVAF	chr7	102234106	102234107	C	A	CUX1	ENST00000292535	8253	8254	-1	-0.00012
TWAO-MS-Positive-Control-W22-6944-BM-lib16	TIER1-3	PASS	chr7	102158608	102158609	G	A	CUX1	ENST00000292535	6597	6598	-1	-0.00015
TWAO-200054718-W23-5200-BM-lib1	TIER1-3	PASS	chr17	31182510	31182511	G	A	NF1	ENST00000358273	2023	2024	-1	-0.00049
TWAO-MS-Positive-Control-W22-6944-BM-lib16	TIER1-3	PASS	chr17	31258425	31258426	T	A	NF1	ENST00000358273	3104	3105	-1	-0.00032
TWAO-201280541-W23-5184-BM-lib1	FILTERED	weak_evidence;LowVAF	chr1	36479487	36479488	C	A	CSF3R	ENST00000373106	7844	7845	-1	-0.00013
TWAO-201280541-W23-5184-BM-lib1	TIER1-3	PASS	chr2	25240348	25240349	C	T	DNMT3A	ENST00000321117	5539	5540	-1	-0.00018
TWAO-103144074-W23-5051-BM-lib1	FILTERED	weak_evidence;LowVAF	chr2	25282496	25282497	G	T	DNMT3A	ENST00000321117	6227	6229	-2	-0.00032
TWAO-103212136-W23-5185-BM-lib1	TIER1-3	PASS	chr21	34859494	34859495	C	T	RUNX1	ENST00000675419	6415	6417	-2	-0.00031
TWAO-105574860-W23-5249-BM-lib1	FILTERED	weak_evidence;LowVAF	chr21	34799381	34799382	C	A	RUNX1	ENST00000675419	8084	8086	-2	-0.00025
TWAO-103144074-W23-5051-BM-lib1	TIER1-3	PASS	chr2	197402759	197402760	G	C	SF3B1	ENST00000335508	1692	1694	-2	-0.00118
TWAO-105163199-W23-5089-BM-lib1	TIER1-3	PASS	chr4	105242921	105242922	A	G	TET2	ENST00000380013	4018	4020	-2	-0.0005
TWAO-201280541-W23-5184-BM-lib1	FILTERED	weak_evidence;LowVAF	chr2	197409807	197409808	C	A	SF3B1	ENST00000335508	7130	7132	-2	-0.00028
TWAO-201280541-W23-5184-BM-lib1	FILTERED	weak_evidence;LowVAF	chr1	36467947	36467948	C	A	CSF3R	ENST00000373106	7549	7551	-2	-0.00026
TWAO-200054718-W23-5200-BM-lib1	FILTERED	weak_evidence;LowVAF	chrX	130039279	130039280	G	T	BCORL1	ENST00000540052	6522	6524	-2	-0.00031
TWAO-107196322-W23-5284-BM-lib1	TIER1-3	PASS	chr2	197402634	197402635	C	A	SF3B1	ENST00000335508	2390	2392	-2	-0.00084
TWAO-105574860-W23-5249-BM-lib1	FILTERED	weak_evidence;LowVAF	chr20	32436190	32436191	G	T	ASXL1	ENST00000375687	7314	7316	-2	-0.00027
TWAO-201280541-W23-5184-BM-lib1	TIER1-3	PASS	chr2	197402109	197402110	T	C	SF3B1	ENST00000335508	3594	3596	-2	-0.00056
TWAO-201280541-W23-5184-BM-lib1	FILTERED	weak_evidence;LowVAF	chr7	101817647	101817648	C	A	CUX1	ENST00000292535	6743	6745	-2	-0.0003
TWAO-105574860-W23-5249-BM-lib1	FILTERED	weak_evidence;LowVAF	chr18	44952695	44952696	G	T	SETBP1	ENST00000649279	6917	6919	-2	-0.00029
TWAO-200054718-W23-5200-BM-lib1	FILTERED	weak_evidence;LowVAF	chr12	11869885	11869886	G	T	ETV6	ENST00000396373	4372	4374	-2	-0.00046
TWAO-201723434-W23-5114-BM-lib1	FILTERED	weak_evidence;LowVAF	chrX	130013222	130013223	C	A	BCORL1	ENST00000540052	7196	7198	-2	-0.00028
TWAO-104533120-W23-5281-BM-lib1	TIER1-3	PASS	chr1	114716126	114716127	C	T	NRAS	ENST00000369535	5664	7442	-2	-0.00027
TWAO-202035007-W23-5244-BM-lib1	TIER1-3	PASS	chr3	128481274	128481275	C	T	GATA2	ENST00000341105	5882	5884	-2	-0.00034
TWAO-202154026-W23-5242-BM-lib1	FILTERED	no_reliable_supporting_read;read_position;weak_evidence;LowVAF	chr2	25244542	25244543	C	A	DNMT3A	ENST00000321117	4824	4826	-2	-0.00041
TWAO-201682401-W23-5060-BM-lib1	TIER1-3	PASS	chr4	105243756	105243757	G	A	TET2	ENST00000380013	3880	3882	-2	-0.00052
TWAO-202138202-W23-5245-BM-lib1	FILTERED	weak_evidence;LowVAF	chr20	32433378	32433379	G	T	ASXL1	ENST00000375687	5930	5932	-2	-0.00034
TWAO-104533120-W23-5281-BM-lib1	FILTERED	weak_evidence;LowVAF	chr2	25247155	25247156	C	A	DNMT3A	ENST00000321117	9769	9771	-2	-0.0002
TWAO-201516155-W23-5090-BM-lib1	TIER1-3	LowVAF	chr17	60663447	60663448	C	T	PPM1D	ENST00000305921	7858	7860	-2	-0.00025
TWAO-202138202-W23-5245-BM-lib1	FILTERED	weak_evidence;LowVAF	chrX	40074039	40074040	C	A	BCOR	ENST00000378444	5997	5999	-2	-0.00033
TWAO-201280541-W23-5184-BM-lib1	FILTERED	weak_evidence;LowVAF	chr22	28734676	28734677	G	T	CHEK2	ENST00000404276	5048	5050	-2	-0.0004
TWAO-202138202-W23-5245-BM-lib1	FILTERED	weak_evidence;LowVAF	chr11	32428609	32428610	G	T	WT1	ENST00000452863	6999	7001	-2	-0.00029
TWAO-201723434-W23-5114-BM-lib1	FILTERED	weak_evidence;LowVAF	chr4	105272568	105272569	C	A	TET2	ENST00000380013	7723	7725	-2	-0.00026
TWAO-106444776-W23-5197-PB-lib1	TIER1-3	PASS	chr1	36467596	36467597	G	T	CSF3R	ENST00000373106	3499	3501	-2	-0.00057
TWAO-201938262-W23-5253-BM-lib1	FILTERED	weak_evidence;LowVAF	chr2	25300215	25300216	C	A	DNMT3A	ENST00000321117	9556	9559	-3	-0.00031
TWAO-201878424-W23-5285-BM-lib1	FILTERED	read_position;weak_evidence;LowVAF	chr9	136496321	136496322	C	A	NOTCH1	ENST00000651671	8282	8285	-3	-0.00036
TWAO-200054718-W23-5200-BM-lib1	FILTERED	weak_evidence;LowVAF	chr1	36472084	36472085	G	T	CSF3R	ENST00000373106	5998	6001	-3	-0.0005
TWAO-108783743-W23-5282-BM-lib1	TIER1-3	PASS	chr21	43094666	43094667	T	G	U2AF1	ENST00000291552	6047	7711	-3	-0.00039
TWAO-108783743-W23-5282-BM-lib1	TIER1-3	PASS	chr17	7674946	7674947	A	G	TP53	ENST00000269305	3661	3664	-3	-0.00082
TWAO-201280541-W23-5184-BM-lib1	FILTERED	weak_evidence;LowVAF	chr2	25246219	25246220	G	T	DNMT3A	ENST00000321117	8900	8903	-3	-0.00034
TWAO-107196322-W23-5284-BM-lib1	FILTERED	weak_evidence;LowVAF	chr21	43094783	43094784	C	A	U2AF1	ENST00000291552	8226	8229	-3	-0.00036
TWAO-102552878-W23-5092-BM-lib1	TIER1-3	PASS	chr4	105276190	105276191	C	T	TET2	ENST00000380013	4285	4288	-3	-0.0007
TWAO-200054718-W23-5200-BM-lib1	FILTERED	weak_evidence;LowVAF	chrX	130039265	130039266	G	T	BCORL1	ENST00000540052	5611	5614	-3	-0.00053
TWAO-103212136-W23-5185-BM-lib1	FILTERED	weak_evidence;LowVAF	chr4	105235850	105235851	G	T	TET2	ENST00000380013	5800	5803	-3	-0.00052
TWAO-103212136-W23-5185-BM-lib1	TIER1-3	PASS	chr21	34880567	34880568	C	T	RUNX1	ENST00000675419	5706	5709	-3	-0.00053
TWAO-200249928-W23-5250-BM-lib1	TIER1-3	PASS	chr5	177513820	177513821	G	A	DDX41	ENST00000330503	3701	3704	-3	-0.00081
TWAO-202143635-W23-5271-BM-lib1	TIER1-3	PASS	chr22	28695808	28695809	G	A	CHEK2	ENST00000404276	1996	2000	-4	-0.002
TWAO-201280541-W23-5184-BM-lib1	FILTERED	weak_evidence;LowVAF	chr2	25247738	25247739	C	A	DNMT3A	ENST00000321117	8737	8741	-4	-0.00046
TWAO-201805813-W23-5093-BM-lib1	FILTERED	read_position;LowVAF	chrX	124071252	124071253	G	T	STAG2	ENST00000371145	1041	1045	-4	-0.00383
TWAO-201280541-W23-5184-BM-lib1	FILTERED	weak_evidence;LowVAF	chr17	31232778	31232779	C	A	NF1	ENST00000358273	7477	7481	-4	-0.00053
TWAO-103636692-W23-5198-BM-lib1	TIER1-3	PASS	chr17	7674219	7674220	C	T	TP53	ENST00000269305	3848	3852	-4	-0.00104
TWAO-200054718-W23-5200-BM-lib1	FILTERED	weak_evidence;LowVAF	chr7	102227630	102227631	C	A	CUX1	ENST00000292535	5513	5517	-4	-0.00073
TWAO-202138202-W23-5245-BM-lib1	FILTERED	weak_evidence;LowVAF	chrX	53405788	53405789	C	A	SMC1A	ENST00000322213	8234	8238	-4	-0.00049
TWAO-201938262-W23-5253-BM-lib1	TIER1-3	PASS	chr4	105276112	105276113	A	G	TET2	ENST00000380013	7962	7967	-5	-0.00063
TWAO-201516155-W23-5090-BM-lib1	TIER1-3	PASS	chr9	136496504	136496505	G	C	NOTCH1	ENST00000651671	6320	6325	-5	-0.00079
TWAO-201280541-W23-5184-BM-lib1	FILTERED	weak_evidence;LowVAF	chr11	32396379	32396380	G	T	WT1	ENST00000452863	8260	8265	-5	-0.0006
TWAO-101484893-W23-5251-BM-lib1	TIER1-3	PASS	chr4	105259676	105259677	G	A	TET2	ENST00000380013	7508	7514	-6	-0.0008
TWAO-202143635-W23-5271-BM-lib1	FILTERED	base_quality;weak_evidence;LowVAF	chr10	110602174	110602175	A	T	SMC3	ENST00000361804	1329	1335	-6	-0.00449
TWAO-101484893-W23-5251-BM-lib1	FILTERED	weak_evidence;LowVAF	chr1	36475507	36475508	C	A	CSF3R	ENST00000373106	11174	11180	-6	-0.00054
TWAO-105574860-W23-5249-BM-lib1	FILTERED	weak_evidence;LowVAF	chrX	53382572	53382573	C	A	SMC1A	ENST00000322213	7886	7892	-6	-0.00076
TWAO-102552878-W23-5092-BM-lib1	TIER1-3	PASS	chr18	44951259	44951260	C	G	SETBP1	ENST00000649279	6271	6277	-6	-0.00096
TWAO-103212136-W23-5185-BM-lib1	FILTERED	weak_evidence;LowVAF	chrX	134378055	134378056	G	T	PHF6	ENST00000370803	4745	4609	-7	-0.00152
TWAO-202143635-W23-5271-BM-lib1	FILTERED	base_quality;weak_evidence;LowVAF	chr7	102197200	102197201	A	C	CUX1	ENST00000292535	3442	3449	-7	-0.00203
TWAO-108032713-W23-5115-BM2-lib1	TIER1-3	PASS	chr1	36466622	36466623	G	A	CSF3R	ENST00000373106	8554	8561	-7	-0.00082
TWAO-201723434-W23-5114-BM-lib1	FILTERED	weak_evidence;LowVAF	chr7	102227539	102227540	C	A	CUX1	ENST00000292535	10488	10495	-7	-0.00067
TWAO-103144074-W23-5051-BM-lib1	FILTERED	base_quality;weak_evidence;LowVAF	chr9	136497487	136497488	A	C	NOTCH1	ENST00000651671	2966	2974	-8	-0.00269
TWAO-202143635-W23-5271-BM-lib1	FILTERED	base_quality;read_position;weak_evidence;LowVAF	chr5	177513392	177513393	T	G	DDX41	ENST00000330503	2935	2943	-8	-0.00272
TWAO-101484893-W23-5251-BM-lib1	FILTERED	base_quality;weak_evidence;LowVAF	chr17	31229943	31229944	G	T	NF1	ENST00000358273	3434	3443	-9	-0.00261
TWAO-202143635-W23-5271-BM-lib1	TIER1-3	PASS	chr21	43104345	43104346	G	A	U2AF1	ENST00000291552	1742	1751	-9	-0.00514
TWAO-103212136-W23-5185-BM-lib1	FILTERED	base_quality;weak_evidence;LowVAF	chr7	148832683	148832684	C	A	EZH2	ENST00000320356	4565	4575	-10	-0.00219
TWAO-202153377-W23-5261-BM-lib1	FILTERED	base_quality;weak_evidence;LowVAF	chr7	148832689	148832690	C	A	EZH2	ENST00000320356	3121	3131	-10	-0.00319
TWAO-202153377-W23-5261-BM-lib1	FILTERED	base_quality;no_reliable_supporting_read;read_position;LowVAF	chr3	128483926	128483927	T	G	GATA2	ENST00000341105	1927	1937	-10	-0.00516
TWAO-105163199-W23-5089-BM-lib1	TIER1-3	PASS	chr2	25246762	25246763	C	T	DNMT3A	ENST00000321117	7613	7623	-10	-0.00131
TWAO-102552878-W23-5092-BM-lib1	TIER1-3	PASS	chr7	148809350	148809351	C	T	EZH2	ENST00000320356	3360	3371	-11	-0.00326
TWAO-108783743-W23-5282-BM-lib1	FILTERED	base_quality;LowVAF	chrX	130051863	130051864	A	C	BCORL1	ENST00000540052	5343	5355	-12	-0.00224
TWAO-105163199-W23-5089-BM-lib1	FILTERED	base_quality;no_reliable_supporting_read;read_position;weak_evidence;LowVAF	chr8	116854291	116854292	G	T	RAD21	ENST00000297338	4814	4826	-12	-0.00249
TWAO-105163199-W23-5089-BM-lib1	FILTERED	base_quality;weak_evidence;LowVAF	chr7	148817316	148817317	C	A	EZH2	ENST00000320356	5300	5312	-12	-0.00226
TWAO-100406124-W23-5088-BM-lib1	FILTERED	base_quality;weak_evidence;LowVAF	chr7	148846598	148846599	C	A	EZH2	ENST00000320356	3343	3357	-14	-0.00417
TWAO-106352110-W23-5075-BM-lib1	FILTERED	base_quality;read_position;weak_evidence;LowVAF	chr17	31201462	31201463	C	A	NF1	ENST00000358273	2017	2031	-14	-0.00689
TWAO-103144074-W23-5051-BM-lib1	FILTERED	weak_evidence;LowVAF	chr2	25248131	25248132	C	A	DNMT3A	ENST00000321117	6410	7842	-15	-0.00191
TWAO-100406124-W23-5088-BM-lib1	FILTERED	base_quality;weak_evidence;LowVAF	chr7	148846579	148846580	G	T	EZH2	ENST00000320356	3289	3305	-16	-0.00484
TWAO-106352110-W23-5075-BM-lib1	FILTERED	base_quality;weak_evidence;LowVAF	chrX	130056114	130056115	A	C	BCORL1	ENST00000540052	914	930	-16	-0.0172
TWAO-106352110-W23-5075-BM-lib1	FILTERED	base_quality	chr2	197405077	197405078	T	G	SF3B1	ENST00000335508	300	317	-17	-0.05363
TWAO-106352110-W23-5075-BM-lib1	FILTERED	base_quality;LowVAF	chr17	31937514	31937515	T	G	SUZ12	ENST00000322652	1241	1258	-17	-0.01351
TWAO-108032713-W23-5115-BM2-lib1	FILTERED	base_quality;LowVAF	chrX	53412042	53412043	T	G	SMC1A	ENST00000322213	2409	2428	-19	-0.00783
TWAO-105982473-W23-5162-BM-lib1	FILTERED	base_quality;LowVAF	chr2	25246748	25246749	A	C	DNMT3A	ENST00000321117	3901	3920	-19	-0.00485
TWAO-201682401-W23-5060-BM-lib1	FILTERED	base_quality;weak_evidence;LowVAF	chr21	34886864	34886865	T	G	RUNX1	ENST00000675419	5070	5089	-19	-0.00373
TWAO-202143635-W23-5271-BM-lib1	FILTERED	base_quality;LowVAF	chr4	54733098	54733099	T	G	KIT	ENST00000288135	2239	2259	-20	-0.00885
TWAO-102552878-W23-5092-BM-lib1	FILTERED	weak_evidence;LowVAF	chr5	171410535	171410536	G	GAT	NPM1	ENST00000296930	2266	2286	-20	-0.00875
TWAO-201805813-W23-5093-BM-lib1	TIER1-3	PASS	chr17	76737108	76737109	C	G	SRSF2	ENST00000359995	5531	5551	-20	-0.0036
TWAO-101484893-W23-5251-BM-lib1	FILTERED	base_quality;weak_evidence;LowVAF	chr18	44950595	44950596	A	C	SETBP1	ENST00000649279	7041	7062	-21	-0.00297
TWAO-202143635-W23-5271-BM-lib1	FILTERED	weak_evidence;LowVAF	chr21	34834551	34834552	A	C	RUNX1	ENST00000675419	2736	2757	-21	-0.00762
TWAO-105163199-W23-5089-BM-lib1	FILTERED	base_quality;weak_evidence;LowVAF	chr17	31229091	31229092	T	G	NF1	ENST00000358273	1627	1648	-21	-0.01274
TWAO-105163199-W23-5089-BM-lib1	FILTERED	base_quality;weak_evidence;LowVAF	chr17	31181754	31181755	C	A	NF1	ENST00000358273	936	957	-21	-0.02194
TWAO-202143635-W23-5271-BM-lib1	FILTERED	base_quality;LowVAF	chr7	102195531	102195532	T	G	CUX1	ENST00000292535	4686	4708	-22	-0.00467
TWAO-105163199-W23-5089-BM-lib1	FILTERED	base_quality;LowVAF	chr7	102196833	102196834	A	C	CUX1	ENST00000292535	5149	5171	-22	-0.00425
TWAO-202143635-W23-5271-BM-lib1	FILTERED	base_quality;LowVAF	chrX	40074059	40074060	T	G	BCOR	ENST00000378444	3301	3324	-23	-0.00692
TWAO-202143635-W23-5271-BM-lib1	FILTERED	base_quality;weak_evidence;LowVAF	chr20	32429969	32429970	T	G	ASXL1	ENST00000375687	1360	1384	-24	-0.01734
TWAO-202143635-W23-5271-BM-lib1	FILTERED	base_quality;weak_evidence;LowVAF	chr7	148828864	148828865	T	G	EZH2	ENST00000320356	1237	1261	-24	-0.01903
TWAO-102552878-W23-5092-BM-lib1	FILTERED	base_quality;weak_evidence;LowVAF	chrX	47199050	47199051	A	C	UBA1	ENST00000335972	6094	6118	-24	-0.00392
TWAO-202153377-W23-5261-BM-lib1	FILTERED	base_quality;LowVAF	chr7	102201699	102201700	T	G	CUX1	ENST00000292535	5628	5655	-27	-0.00477
TWAO-105163199-W23-5089-BM-lib1	FILTERED	base_quality;weak_evidence;LowVAF	chrX	130051934	130051935	T	G	BCORL1	ENST00000540052	1914	1941	-27	-0.01391
TWAO-200054718-W23-5200-BM-lib1	FILTERED	base_quality;LowVAF	chrX	48791115	48791116	T	G	GATA1	ENST00000376670	1919	1947	-28	-0.01438
TWAO-202143635-W23-5271-BM-lib1	FILTERED	base_quality;LowVAF	chr7	102201832	102201833	A	C	CUX1	ENST00000292535	3200	3228	-28	-0.00867
TWAO-202154026-W23-5242-BM-lib1	FILTERED	base_quality;LowVAF	chrX	130013898	130013899	T	G	BCORL1	ENST00000540052	3392	5031	-29	-0.00576
TWAO-200054718-W23-5200-BM-lib1	FILTERED	base_quality;LowVAF	chr3	128481819	128481820	T	G	GATA2	ENST00000341105	752	781	-29	-0.03713
TWAO-103562837-W23-5141-BM2-lib1	FILTERED	base_quality;LowVAF	chr3	128481288	128481289	T	G	GATA2	ENST00000341105	5441	5470	-29	-0.0053
TWAO-200249928-W23-5250-BM-lib1	FILTERED	base_quality;no_reliable_supporting_read;read_position;weak_evidence;LowVAF	chr21	34886879	34886880	T	G	RUNX1	ENST00000675419	6068	6097	-29	-0.00476
TWAO-202143635-W23-5271-BM-lib1	FILTERED	base_quality;weak_evidence;LowVAF	chrX	40072523	40072524	T	G	BCOR	ENST00000378444	6000	6030	-30	-0.00498
TWAO-105163199-W23-5089-BM-lib1	FILTERED	base_quality;LowVAF	chr2	25246272	25246273	A	C	DNMT3A	ENST00000321117	7365	7096	-30	-0.00423
TWAO-202143635-W23-5271-BM-lib1	FILTERED	base_quality;LowVAF	chr9	136497463	136497464	T	G	NOTCH1	ENST00000651671	2459	2489	-30	-0.01205
TWAO-201682401-W23-5060-BM-lib1	FILTERED	base_quality;weak_evidence;LowVAF	chr7	148846587	148846588	C	A	EZH2	ENST00000320356	3535	3565	-30	-0.00842
TWAO-102552878-W23-5092-BM-lib1	FILTERED	base_quality;LowVAF	chrX	130005278	130005279	T	G	BCORL1	ENST00000540052	1826	2661	-30	-0.01127
TWAO-202143635-W23-5271-BM-lib1	FILTERED	base_quality;LowVAF	chr3	128481319	128481320	T	G	GATA2	ENST00000341105	1255	1286	-31	-0.02411
TWAO-202143635-W23-5271-BM-lib1	FILTERED	base_quality;LowVAF	chr17	31337834	31337835	T	G	NF1	ENST00000358273	1348	1379	-31	-0.02248
TWAO-202143635-W23-5271-BM-lib1	FILTERED	base_quality;LowVAF	chrX	130025230	130025231	A	C	BCORL1	ENST00000540052	2353	2384	-31	-0.013
TWAO-201791635-W23-5078-BM-lib1	FILTERED	base_quality;LowVAF	chr17	31163201	31163202	T	G	NF1	ENST00000358273	2037	2069	-32	-0.01547
TWAO-106352110-W23-5075-BM-lib1	FILTERED	base_quality;weak_evidence;LowVAF	chr2	25313983	25313984	T	G	DNMT3A	ENST00000321117	3175	3207	-32	-0.00998
TWAO-202143635-W23-5271-BM-lib1	FILTERED	base_quality;LowVAF	chr7	102196710	102196711	T	G	CUX1	ENST00000292535	2806	2839	-33	-0.01162
TWAO-202143635-W23-5271-BM-lib1	TIER1-3	PASS	chr17	60663269	60663270	AT	A	PPM1D	ENST00000305921	1692	1725	-33	-0.01913
TWAO-202143635-W23-5271-BM-lib1	FILTERED	base_quality;weak_evidence;LowVAF	chr1	36468184	36468185	A	C	CSF3R	ENST00000373106	5256	5289	-33	-0.00624
TWAO-105163199-W23-5089-BM-lib1	FILTERED	base_quality;LowVAF	chr2	25246262	25246263	T	G	DNMT3A	ENST00000321117	7357	7391	-34	-0.0046
TWAO-202143635-W23-5271-BM-lib1	FILTERED	base_quality;LowVAF	chr2	25313913	25313914	T	G	DNMT3A	ENST00000321117	2900	2935	-35	-0.01193
TWAO-200054718-W23-5200-BM-lib1	FILTERED	base_quality	chr17	31095309	31095310	A	C	NF1	ENST00000358273	493	1039	-35	-0.03369
TWAO-202143635-W23-5271-BM-lib1	FILTERED	base_quality;LowVAF	chrX	40063746	40063747	T	G	BCOR	ENST00000378444	3097	3133	-36	-0.01149
TWAO-201682401-W23-5060-BM-lib1	FILTERED	base_quality;weak_evidence;LowVAF	chr4	105234360	105234361	A	C	TET2	ENST00000380013	5797	5833	-36	-0.00617
TWAO-103212136-W23-5185-BM-lib1	FILTERED	base_quality;weak_evidence;LowVAF	chr17	31994570	31994571	C	A	SUZ12	ENST00000322652	6865	6901	-36	-0.00522
TWAO-202143635-W23-5271-BM-lib1	FILTERED	base_quality;weak_evidence;LowVAF	chr4	105236773	105236774	G	C	TET2	ENST00000380013	2301	2337	-36	-0.0154
TWAO-202143635-W23-5271-BM-lib1	FILTERED	base_quality;LowVAF	chrX	130015174	130015175	A	C	BCORL1	ENST00000540052	3741	3777	-36	-0.00953
TWAO-202143635-W23-5271-BM-lib1	FILTERED	base_quality;LowVAF	chrX	53415159	53415160	T	G	SMC1A	ENST00000322213	3620	3657	-37	-0.01012
TWAO-202143635-W23-5271-BM-lib1	FILTERED	base_quality;LowVAF	chrX	40063758	40063759	T	G	BCOR	ENST00000378444	3099	3137	-38	-0.01211
TWAO-107016815-W23-5248-PB-lib1	FILTERED	base_quality;weak_evidence;LowVAF	chr5	171410535	171410536	G	T	NPM1	ENST00000296930	3319	2940	-38	-0.01293
TWAO-202143635-W23-5271-BM-lib1	FILTERED	base_quality;LowVAF	chr9	136497481	136497482	T	G	NOTCH1	ENST00000651671	2451	2489	-38	-0.01527
TWAO-202143635-W23-5271-BM-lib1	FILTERED	base_quality;LowVAF	chr5	177516378	177516379	T	G	DDX41	ENST00000330503	4593	4631	-38	-0.00821
TWAO-108032713-W23-5115-BM2-lib1	FILTERED	weak_evidence;LowVAF	chr17	31966196	31966197	G	T	SUZ12	ENST00000322652	3656	3339	-39	-0.01168
TWAO-202143635-W23-5271-BM-lib1	FILTERED	base_quality;LowVAF	chrX	15321544	15321545	T	G	PIGA	ENST00000333590	2331	2371	-40	-0.01687
TWAO-202143635-W23-5271-BM-lib1	FILTERED	base_quality;no_reliable_supporting_read;read_position	chr7	148827188	148827189	C	G	EZH2	ENST00000320356	375	415	-40	-0.09639
TWAO-202143635-W23-5271-BM-lib1	FILTERED	base_quality;weak_evidence;LowVAF	chr17	31337564	31337565	T	G	NF1	ENST00000358273	1867	1908	-41	-0.02149
TWAO-201682401-W23-5060-BM-lib1	FILTERED	base_quality;weak_evidence;LowVAF	chr21	34886858	34886859	A	C	RUNX1	ENST00000675419	5062	5570	-41	-0.00736
TWAO-202143635-W23-5271-BM-lib1	FILTERED	base_quality;read_position;weak_evidence;LowVAF	chr2	197434998	197434999	T	G	SF3B1	ENST00000335508	3838	3880	-42	-0.01082
TWAO-202143635-W23-5271-BM-lib1	FILTERED	base_quality;LowVAF	chr8	127740926	127740927	A	C	MYC	ENST00000621592	3396	3438	-42	-0.01222
TWAO-MS-Positive-Control-W22-6944-BM-lib16	FILTERED	base_quality;weak_evidence;LowVAF	chr9	136502419	136502420	G	T	NOTCH1	ENST00000651671	8761	8803	-42	-0.00477
TWAO-202143635-W23-5271-BM-lib1	FILTERED	base_quality;weak_evidence;LowVAF	chr17	31337528	31337529	T	G	NF1	ENST00000358273	3075	3118	-43	-0.01379
TWAO-202143635-W23-5271-BM-lib1	FILTERED	base_quality;weak_evidence;LowVAF	chr1	36471494	36471495	A	C	CSF3R	ENST00000373106	1533	1576	-43	-0.02728
TWAO-202143635-W23-5271-BM-lib1	FILTERED	base_quality;read_position;weak_evidence;LowVAF	chrX	53403652	53403653	T	G	SMC1A	ENST00000322213	3061	3105	-44	-0.01417
TWAO-104533120-W23-5281-BM-lib1	FILTERED	base_quality;LowVAF	chr17	31230367	31230368	A	C	NF1	ENST00000358273	3335	3379	-44	-0.01302
TWAO-202143635-W23-5271-BM-lib1	FILTERED	base_quality;weak_evidence;LowVAF	chrX	53403620	53403621	T	G	SMC1A	ENST00000322213	3064	3109	-45	-0.01447
TWAO-202035007-W23-5244-BM-lib1	FILTERED	base_quality;weak_evidence;LowVAF	chr9	136502399	136502400	G	C	NOTCH1	ENST00000651671	9010	9055	-45	-0.00497
TWAO-105163199-W23-5089-BM-lib1	FILTERED	base_quality;LowVAF	chr7	102196839	102196840	A	C	CUX1	ENST00000292535	5159	5204	-45	-0.00865
TWAO-202143635-W23-5271-BM-lib1	FILTERED	base_quality;LowVAF	chr1	36468130	36468131	T	G	CSF3R	ENST00000373106	3643	3688	-45	-0.0122
TWAO-105982473-W23-5162-BM-lib1	FILTERED	base_quality;weak_evidence;LowVAF	chrX	53414839	53414840	T	G	SMC1A	ENST00000322213	5465	5511	-46	-0.00835
TWAO-202143635-W23-5271-BM-lib1	FILTERED	base_quality;LowVAF	chr4	105236783	105236784	A	C	TET2	ENST00000380013	2291	2337	-46	-0.01968
TWAO-202143635-W23-5271-BM-lib1	FILTERED	base_quality;LowVAF	chrX	40073011	40073012	A	C	BCOR	ENST00000378444	2986	3033	-47	-0.0155
TWAO-100406124-W23-5088-BM-lib1	FILTERED	base_quality;weak_evidence;LowVAF	chr17	31181775	31181776	G	T	NF1	ENST00000358273	1057	1104	-47	-0.04257
TWAO-108783743-W23-5282-BM-lib1	FILTERED	base_quality;LowVAF	chrX	40062394	40062395	T	G	BCOR	ENST00000378444	1853	1219	-48	-0.03938
TWAO-202143635-W23-5271-BM-lib1	FILTERED	base_quality;LowVAF	chrX	40074680	40074681	A	C	BCOR	ENST00000378444	1403	1451	-48	-0.03308
TWAO-108007890-W23-5011-BM3-lib1	FILTERED	weak_evidence;LowVAF	chr17	31966178	31966179	G	T	SUZ12	ENST00000322652	3908	3958	-50	-0.01263
TWAO-202143635-W23-5271-BM-lib1	FILTERED	base_quality;no_reliable_supporting_read;read_position;LowVAF	chr13	28027234	28027235	A	C	FLT3	ENST00000241453	1089	1139	-50	-0.0439
TWAO-202143635-W23-5271-BM-lib1	FILTERED	base_quality;LowVAF	chr2	25244252	25244253	T	G	DNMT3A	ENST00000321117	4125	4175	-50	-0.01198
TWAO-201682401-W23-5060-BM-lib1	FILTERED	base_quality;LowVAF	chr4	105234290	105234291	A	C	TET2	ENST00000380013	4395	4445	-50	-0.01125
TWAO-202143635-W23-5271-BM-lib1	FILTERED	base_quality;LowVAF	chrX	15815808	15815809	A	C	ZRSR2	ENST00000307771	545	596	-51	-0.08557
TWAO-102552878-W23-5092-BM-lib1	FILTERED	base_quality;LowVAF	chr4	105235730	105235731	T	G	TET2	ENST00000380013	2070	2121	-51	-0.02405
TWAO-202143635-W23-5271-BM-lib1	FILTERED	base_quality;LowVAF	chr7	102196747	102196748	A	C	CUX1	ENST00000292535	2824	2877	-53	-0.01842
TWAO-201723434-W23-5114-BM-lib1	FILTERED	base_quality;weak_evidence;LowVAF	chr1	36469710	36469711	T	G	CSF3R	ENST00000373106	5552	5745	-53	-0.00923
TWAO-202143635-W23-5271-BM-lib1	FILTERED	base_quality;LowVAF	chrX	15815749	15815750	A	C	ZRSR2	ENST00000307771	1600	1656	-56	-0.03382
TWAO-202143635-W23-5271-BM-lib1	FILTERED	base_quality;LowVAF	chr17	31095310	31095311	T	G	NF1	ENST00000358273	748	804	-56	-0.06965
TWAO-202143635-W23-5271-BM-lib1	FILTERED	base_quality;weak_evidence;LowVAF	chr2	25313914	25313915	T	G	DNMT3A	ENST00000321117	2877	2935	-58	-0.01976
TWAO-102552878-W23-5092-BM-lib1	FILTERED	base_quality;LowVAF	chr2	25241604	25241605	T	G	DNMT3A	ENST00000321117	5007	4521	-58	-0.01283
TWAO-108783743-W23-5282-BM-lib1	FILTERED	base_quality;LowVAF	chrX	130013082	130013083	A	C	BCORL1	ENST00000540052	3555	4469	-60	-0.01343
TWAO-108783743-W23-5282-BM-lib1	FILTERED	base_quality;read_position;LowVAF	chrX	53403786	53403787	T	G	SMC1A	ENST00000322213	4135	2412	-60	-0.02488
TWAO-108783743-W23-5282-BM-lib1	FILTERED	base_quality;read_position;LowVAF	chr2	25313973	25313974	A	C	DNMT3A	ENST00000321117	4021	2930	-60	-0.02048
TWAO-105163199-W23-5089-BM-lib1	FILTERED	base_quality;LowVAF	chr17	31181749	31181750	C	A	NF1	ENST00000358273	894	957	-63	-0.06583
TWAO-202143635-W23-5271-BM-lib1	FILTERED	base_quality;LowVAF	chrX	15815837	15815838	A	C	ZRSR2	ENST00000307771	2344	2407	-63	-0.02617
TWAO-201682401-W23-5060-BM-lib1	FILTERED	base_quality;weak_evidence;LowVAF	chrX	53403806	53403807	T	G	SMC1A	ENST00000322213	3446	2782	-64	-0.02301
TWAO-107016815-W23-5248-PB-lib1	FILTERED	base_quality;LowVAF	chr7	102189831	102189832	A	C	CUX1	ENST00000292535	7981	8045	-64	-0.00796
TWAO-202143635-W23-5271-BM-lib1	FILTERED	base_quality;LowVAF	chrX	15815838	15815839	T	G	ZRSR2	ENST00000307771	2342	2407	-65	-0.027
TWAO-202143635-W23-5271-BM-lib1	FILTERED	base_quality;read_position;LowVAF	chr1	36469685	36469686	T	G	CSF3R	ENST00000373106	4395	4461	-66	-0.01479
TWAO-107016815-W23-5248-PB-lib1	FILTERED	base_quality;weak_evidence;LowVAF	chr13	28034316	28034317	C	A	FLT3	ENST00000241453	6351	5364	-66	-0.0123
TWAO-202143635-W23-5271-BM-lib1	FILTERED	base_quality;weak_evidence;LowVAF	chr18	44950583	44950584	A	C	SETBP1	ENST00000649279	2668	2734	-66	-0.02414
TWAO-202143635-W23-5271-BM-lib1	FILTERED	base_quality;LowVAF	chr7	102227663	102227664	A	C	CUX1	ENST00000292535	3687	3753	-66	-0.01759
TWAO-202153377-W23-5261-BM-lib1	FILTERED	base_quality;LowVAF	chr17	31966188	31966189	C	A	SUZ12	ENST00000322652	3272	3339	-67	-0.02007
TWAO-201682401-W23-5060-BM-lib1	FILTERED	base_quality;weak_evidence;LowVAF	chr2	25247717	25247718	A	C	DNMT3A	ENST00000321117	6494	3687	-67	-0.01817
TWAO-107016815-W23-5248-PB-lib1	FILTERED	mapping_quality;no_reliable_supporting_read;weak_evidence	chr17	31947681	31947682	A	C	SUZ12	ENST00000322652	3125	3192	-67	-0.02099
TWAO-202143635-W23-5271-BM-lib1	FILTERED	base_quality;LowVAF	chr2	25247667	25247668	A	C	DNMT3A	ENST00000321117	2200	2268	-68	-0.02998
TWAO-100406124-W23-5088-BM-lib1	FILTERED	base_quality;weak_evidence;LowVAF	chr4	105235555	105235556	A	C	TET2	ENST00000380013	5789	5859	-70	-0.01195
TWAO-202143635-W23-5271-BM-lib1	FILTERED	base_quality;LowVAF	chrX	15321548	15321549	C	G	PIGA	ENST00000333590	2299	2369	-70	-0.02955
TWAO-200054718-W23-5200-BM-lib1	FILTERED	base_quality;weak_evidence;LowVAF	chrX	130014909	130014910	T	G	BCORL1	ENST00000540052	3847	3853	-74	-0.01921
TWAO-MS-Positive-Control-W22-6944-BM-lib16	FILTERED	base_quality;weak_evidence;LowVAF	chr21	34886843	34886844	T	G	RUNX1	ENST00000675419	6806	6880	-74	-0.01076
TWAO-107016815-W23-5248-PB-lib1	FILTERED	base_quality;weak_evidence;LowVAF	chr18	44950154	44950155	A	C	SETBP1	ENST00000649279	4325	3586	-75	-0.02091
TWAO-202143635-W23-5271-BM-lib1	FILTERED	base_quality;read_position;weak_evidence;LowVAF	chr10	110600437	110600438	G	C	SMC3	ENST00000361804	942	1017	-75	-0.07375
TWAO-103636692-W23-5198-BM-lib1	FILTERED	base_quality;weak_evidence;LowVAF	chr10	110600543	110600544	C	A	SMC3	ENST00000361804	3228	3303	-75	-0.02271
TWAO-202143635-W23-5271-BM-lib1	FILTERED	base_quality;read_position;weak_evidence;LowVAF	chrX	15815844	15815845	T	G	ZRSR2	ENST00000307771	2330	2405	-75	-0.03119
TWAO-MS-Positive-Control-W22-6944-BM-lib16	FILTERED	LowQualReadBias;LowQualReads;LowVAF	chr17	31232070	31232072	CAG	C	NF1	ENST00000358273	1392	1886	-76	-0.0403
TWAO-106444776-W23-5197-PB-lib1	FILTERED	weak_evidence;LowVAF	chrX	15823015	15823016	A	C	ZRSR2	ENST00000307771	4200	3526	-76	-0.02155
TWAO-201723434-W23-5114-BM-lib1	FILTERED	base_quality;LowVAF	chrX	124071177	124071178	G	T	STAG2	ENST00000371145	5896	6882	-76	-0.01104
TWAO-MS-Positive-Control-W22-6944-BM-lib16	FILTERED	base_quality;LowVAF	chr2	25247675	25247676	A	C	DNMT3A	ENST00000321117	5056	5235	-77	-0.01471
TWAO-202035007-W23-5244-BM-lib1	TIER1-3	PASS	chr3	128481883	128481884	A	G	GATA2	ENST00000341105	6495	6573	-78	-0.01187
TWAO-102552878-W23-5092-BM-lib1	FILTERED	weak_evidence;LowVAF	chr1	36466778	36466779	T	G	CSF3R	ENST00000373106	7649	7728	-79	-0.01022
TWAO-202143635-W23-5271-BM-lib1	FILTERED	base_quality;LowVAF	chr4	105272853	105272854	G	C	TET2	ENST00000380013	2135	2216	-81	-0.03655
TWAO-202143635-W23-5271-BM-lib1	FILTERED	base_quality;LowVAF	chr4	105272858	105272859	A	C	TET2	ENST00000380013	2132	2215	-83	-0.03747
TWAO-202143635-W23-5271-BM-lib1	FILTERED	base_quality;LowVAF	chr4	105272857	105272858	A	C	TET2	ENST00000380013	2131	2215	-84	-0.03792
TWAO-202143635-W23-5271-BM-lib1	FILTERED	base_quality;weak_evidence;LowVAF	chrX	130014975	130014976	A	C	BCORL1	ENST00000540052	2401	2485	-84	-0.0338
TWAO-202143635-W23-5271-BM-lib1	FILTERED	base_quality;LowVAF	chr2	25313982	25313983	A	C	DNMT3A	ENST00000321117	2633	2717	-84	-0.03092
TWAO-202143635-W23-5271-BM-lib1	FILTERED	base_quality;weak_evidence;LowVAF	chrX	134378081	134378082	G	C	PHF6	ENST00000370803	3670	3756	-86	-0.0229
TWAO-202143635-W23-5271-BM-lib1	FILTERED	base_quality;LowVAF	chrX	134378045	134378046	A	C	PHF6	ENST00000370803	3614	3701	-87	-0.02351
TWAO-107196322-W23-5284-BM-lib1	FILTERED	base_quality;weak_evidence;LowVAF	chr10	110600478	110600479	G	T	SMC3	ENST00000361804	2364	2451	-87	-0.0355
TWAO-202143635-W23-5271-BM-lib1	FILTERED	base_quality;LowVAF	chr18	44951798	44951799	A	C	SETBP1	ENST00000649279	4908	4996	-88	-0.01761
TWAO-105188778-W23-5079-BM-lib1	FILTERED	StrandSupport	chr8	116856289	116856290	T	TGTAAAAAAAAAAAAAAAAAAAAAAAATCAAAAAAAGCTTTG	RAD21	ENST00000297338	2013	2102	-89	-0.04234
TWAO-MS-Positive-Control-W22-6944-BM-lib16	FILTERED	weak_evidence;LowVAF	chrX	53415154	53415155	T	G	SMC1A	ENST00000322213	3530	4154	-89	-0.02143
TWAO-107016815-W23-5248-PB-lib1	FILTERED	base_quality;LowVAF	chr18	44951797	44951798	A	C	SETBP1	ENST00000649279	8352	6204	-90	-0.01451
TWAO-108032713-W23-5115-BM2-lib1	FILTERED	base_quality;weak_evidence;LowVAF	chr8	127738973	127738974	C	G	MYC	ENST00000621592	5181	5271	-90	-0.01707
TWAO-102552878-W23-5092-BM-lib1	TIER1-3	PASS	chr5	171410538	171410539	C	CTCTG	NPM1	ENST00000296930	2290	2004	-91	-0.04541
TWAO-202143635-W23-5271-BM-lib1	FILTERED	base_quality;LowVAF	chr18	44950555	44950556	A	C	SETBP1	ENST00000649279	2101	2193	-92	-0.04195
TWAO-202143635-W23-5271-BM-lib1	FILTERED	base_quality;no_reliable_supporting_read	chr4	105236535	105236536	T	G	TET2	ENST00000380013	788	884	-96	-0.1086
TWAO-202154026-W23-5242-BM-lib1	FILTERED	base_quality;LowVAF	chr10	110600507	110600508	A	C	SMC3	ENST00000361804	1456	1552	-96	-0.06186
TWAO-202143635-W23-5271-BM-lib1	FILTERED	base_quality;LowVAF	chrX	40072988	40072989	T	G	BCOR	ENST00000378444	3595	3693	-98	-0.02654
TWAO-202143635-W23-5271-BM-lib1	FILTERED	base_quality;LowVAF	chr18	44950610	44950611	T	G	SETBP1	ENST00000649279	3538	3636	-98	-0.02695
TWAO-102552878-W23-5092-BM-lib1	FILTERED	base_quality;LowVAF	chrX	124071174	124071175	G	T	STAG2	ENST00000371145	6250	6019	-102	-0.01695
TWAO-107016815-W23-5248-PB-lib1	FILTERED	base_quality;LowVAF	chr17	31181727	31181728	G	T	NF1	ENST00000358273	1713	1853	-106	-0.0572
TWAO-201516155-W23-5090-BM-lib1	FILTERED	base_quality;LowVAF	chr10	110600492	110600493	G	T	SMC3	ENST00000361804	2259	2366	-107	-0.04522
TWAO-202143635-W23-5271-BM-lib1	FILTERED	base_quality;LowVAF	chrX	130056128	130056129	A	C	BCORL1	ENST00000540052	3099	3207	-108	-0.03368
TWAO-202138202-W23-5245-BM-lib1	FILTERED	base_quality;LowVAF	chr17	31966151	31966152	C	A	SUZ12	ENST00000322652	5881	5990	-109	-0.0182
TWAO-102552878-W23-5092-BM-lib1	FILTERED	base_quality;read_position;LowVAF	chr17	31966161	31966162	G	T	SUZ12	ENST00000322652	4270	3733	-110	-0.02947
TWAO-201682401-W23-5060-BM-lib1	FILTERED	base_quality;weak_evidence;LowVAF	chr18	44950560	44950561	G	C	SETBP1	ENST00000649279	5070	2271	-110	-0.04844
TWAO-107016815-W23-5248-PB-lib1	FILTERED	base_quality;LowVAF	chr2	25235704	25235705	A	C	DNMT3A	ENST00000321117	966	982	-110	-0.11202
TWAO-202143635-W23-5271-BM-lib1	FILTERED	base_quality;LowVAF	chr4	105272859	105272860	G	C	TET2	ENST00000380013	2103	2215	-112	-0.05056
TWAO-202143635-W23-5271-BM-lib1	FILTERED	base_quality;LowVAF	chrX	40073288	40073289	A	C	BCOR	ENST00000378444	3761	3878	-117	-0.03017
TWAO-202143635-W23-5271-BM-lib1	FILTERED	base_quality;LowVAF	chrX	40073282	40073283	T	G	BCOR	ENST00000378444	3760	3878	-118	-0.03043
TWAO-105163199-W23-5089-BM-lib1	FILTERED	base_quality;read_position;LowVAF	chr2	25247729	25247730	A	C	DNMT3A	ENST00000321117	8962	7869	-119	-0.01512
TWAO-102552878-W23-5092-BM-lib1	FILTERED	base_quality;weak_evidence;LowVAF	chr18	44951186	44951187	A	T	SETBP1	ENST00000649279	6397	6517	-120	-0.01841
TWAO-106444776-W23-5197-PB-lib1	FILTERED	weak_evidence;LowVAF	chr17	31966149	31966150	G	T	SUZ12	ENST00000322652	3877	3999	-122	-0.03051
TWAO-202143635-W23-5271-BM-lib1	FILTERED	base_quality;LowVAF	chrX	40072989	40072990	T	G	BCOR	ENST00000378444	3570	3693	-123	-0.03331
TWAO-107016815-W23-5248-PB-lib1	FILTERED	base_quality;weak_evidence;LowVAF	chr10	110600499	110600500	C	A	SMC3	ENST00000361804	2258	2385	-127	-0.05325
TWAO-102552878-W23-5092-BM-lib1	FILTERED	base_quality;LowVAF	chr17	31230296	31230297	C	A	NF1	ENST00000358273	1370	1497	-127	-0.08484
TWAO-102552878-W23-5092-BM-lib1	FILTERED	base_quality;LowVAF	chr17	31230291	31230292	C	A	NF1	ENST00000358273	1381	1708	-135	-0.07904
TWAO-108032713-W23-5115-BM2-lib1	FILTERED	base_quality;weak_evidence;LowVAF	chr17	31230304	31230305	A	C	NF1	ENST00000358273	1303	1176	-135	-0.1148
TWAO-102552878-W23-5092-BM-lib1	FILTERED	base_quality;LowVAF	chr5	171410532	171410533	C	A	NPM1	ENST00000296930	2209	3649	-138	-0.03782
TWAO-107016815-W23-5248-PB-lib1	FILTERED	base_quality;no_reliable_supporting_read;weak_evidence;LowVAF	chr2	25235708	25235709	T	G	DNMT3A	ENST00000321117	967	981	-143	-0.14577
TWAO-102552878-W23-5092-BM-lib1	FILTERED	base_quality;LowVAF	chr8	127739009	127739010	A	C	MYC	ENST00000621592	3956	4380	-159	-0.0363
TWAO-200054718-W23-5200-BM-lib1	FILTERED	base_quality	chr10	110600459	110600460	G	T	SMC3	ENST00000361804	1268	2288	-162	-0.0708
TWAO-107016815-W23-5248-PB-lib1	FILTERED	base_quality;read_position;LowVAF	chr10	110600438	110600439	G	T	SMC3	ENST00000361804	2776	2947	-171	-0.05803
TWAO-201516155-W23-5090-BM-lib1	FILTERED	base_quality;LowVAF	chr10	110600445	110600446	G	T	SMC3	ENST00000361804	2466	2639	-173	-0.06556
TWAO-201723434-W23-5114-BM-lib1	FILTERED	base_quality;LowVAF	chr10	110600452	110600453	G	T	SMC3	ENST00000361804	2086	1987	-178	-0.08958
TWAO-102552878-W23-5092-BM-lib1	FILTERED	weak_evidence;LowVAF	chr17	31966145	31966146	G	T	SUZ12	ENST00000322652	4606	6714	-181	-0.02696
TWAO-102552878-W23-5092-BM-lib1	FILTERED	base_quality;LowVAF	chr10	110600512	110600513	G	T	SMC3	ENST00000361804	1364	1942	-184	-0.09475
TWAO-104533120-W23-5281-BM-lib1	FILTERED	base_quality;LowVAF	chr8	116856267	116856268	C	A	RAD21	ENST00000297338	3037	3221	-184	-0.05713
TWAO-104533120-W23-5281-BM-lib1	FILTERED	base_quality;weak_evidence;LowVAF	chr8	116856272	116856273	C	A	RAD21	ENST00000297338	3040	3224	-184	-0.05707
TWAO-202138202-W23-5245-BM-lib1	FILTERED	StrandSupport;LowQualReadBias;LowQualReads;LowVAF	chrX	124061768	124061769	TA	T	STAG2	ENST00000371145	3299	3491	-192	-0.055
TWAO-200054718-W23-5200-BM-lib1	FILTERED	base_quality;LowVAF	chr10	110600449	110600450	G	T	SMC3	ENST00000361804	1289	2361	-195	-0.08259
TWAO-102552878-W23-5092-BM-lib1	FILTERED	base_quality;LowVAF	chr8	127738968	127738969	A	C	MYC	ENST00000621592	4718	6307	-211	-0.03345
TWAO-201682401-W23-5060-BM-lib1	FILTERED	base_quality;read_position;LowVAF	chr10	110600437	110600438	G	T	SMC3	ENST00000361804	2466	2629	-226	-0.08596
TWAO-201516155-W23-5090-BM-lib1	FILTERED	base_quality	chr7	102196777	102196778	T	G	CUX1	ENST00000292535	3721	3961	-240	-0.06059
TWAO-102552878-W23-5092-BM-lib1	FILTERED	base_quality;no_reliable_supporting_read;read_position;weak_evidence;LowVAF	chr18	44951096	44951097	A	C	SETBP1	ENST00000649279	7781	8142	-245	-0.03009
TWAO-106444776-W23-5197-PB-lib1	FILTERED	base_quality;LowVAF	chr18	44951108	44951109	C	A	SETBP1	ENST00000649279	7865	7754	-247	-0.03185
TWAO-200054718-W23-5200-BM-lib1	FILTERED	base_quality;no_reliable_supporting_read	chr10	110600463	110600464	G	T	SMC3	ENST00000361804	1249	2366	-249	-0.10524
TWAO-108152658-W23-5283-BM-lib1	FILTERED	base_quality;weak_evidence;LowVAF	chr21	34834439	34834440	A	C	RUNX1	ENST00000675419	4676	4925	-249	-0.05056
TWAO-102552878-W23-5092-BM-lib1	FILTERED	base_quality;weak_evidence;LowVAF	chr17	31966146	31966147	C	A	SUZ12	ENST00000322652	4536	4499	-271	-0.06024
TWAO-MS-Positive-Control-W22-6944-BM-lib16	FILTERED	base_quality;weak_evidence;LowVAF	chr8	127738923	127738924	A	T	MYC	ENST00000621592	6159	6159	-272	-0.04416
TWAO-202153377-W23-5261-BM-lib1	FILTERED	base_quality;weak_evidence;LowVAF	chr17	31966146	31966147	C	G	SUZ12	ENST00000322652	3614	4499	-282	-0.06268
TWAO-105163199-W23-5089-BM-lib1	FILTERED	base_quality;weak_evidence;LowVAF	chr8	127738920	127738921	C	G	MYC	ENST00000621592	5780	6359	-290	-0.0456
TWAO-102552878-W23-5092-BM-lib1	FILTERED	StrandSupport	chrX	130013865	130013866	G	GCCCCCCGTCTGCC	BCORL1	ENST00000540052	2367	2662	-295	-0.11082
TWAO-102552878-W23-5092-BM-lib1	FILTERED	base_quality;LowVAF	chr18	44951161	44951162	A	C	SETBP1	ENST00000649279	6973	7225	-310	-0.04291
TWAO-102552878-W23-5092-BM-lib1	FILTERED	base_quality;LowVAF	chr18	44951210	44951211	A	C	SETBP1	ENST00000649279	4981	4991	-317	-0.06351
TWAO-202138202-W23-5245-BM-lib1	FILTERED	base_quality;weak_evidence;LowVAF	chr18	44951207	44951208	G	C	SETBP1	ENST00000649279	4914	4994	-320	-0.06408
TWAO-202143635-W23-5271-BM-lib1	FILTERED	base_quality;weak_evidence;LowVAF	chr8	127738956	127738957	A	C	MYC	ENST00000621592	3956	4280	-324	-0.0757
TWAO-201723434-W23-5114-BM-lib1	FILTERED	base_quality;weak_evidence;LowVAF	chr18	44951120	44951121	C	A	SETBP1	ENST00000649279	7444	7137	-332	-0.04652
TWAO-102552878-W23-5092-BM-lib1	FILTERED	base_quality;weak_evidence;LowVAF	chr8	127739003	127739004	A	C	MYC	ENST00000621592	4922	4993	-346	-0.0693
TWAO-201805813-W23-5093-BM-lib1	FILTERED	StrandSupport;LowVAF	chrX	130013865	130013866	G	GCCCACCTTCGACC	BCORL1	ENST00000540052	3034	3381	-347	-0.10263
TWAO-200054718-W23-5200-BM-lib1	FILTERED	base_quality;LowVAF	chr8	127739006	127739007	A	C	MYC	ENST00000621592	2791	4719	-349	-0.07396
TWAO-200249928-W23-5250-BM-lib1	FILTERED	base_quality;weak_evidence;LowVAF	chr18	44951202	44951203	G	T	SETBP1	ENST00000649279	4586	4994	-408	-0.0817
TWAO-105982473-W23-5162-BM-lib1	FILTERED	base_quality;weak_evidence;LowVAF	chr18	44951202	44951203	G	C	SETBP1	ENST00000649279	4576	5418	-410	-0.07567
TWAO-108152658-W23-5283-BM-lib1	FILTERED	StrandSupport;LowQualReads;LowVAF	chrX	130013865	130013866	G	GCCCCCCTTCTACC	BCORL1	ENST00000540052	2001	2427	-426	-0.17553
TWAO-108032713-W23-5115-BM2-lib1	FILTERED	base_quality;weak_evidence;LowVAF	chr21	34834434	34834435	G	T	RUNX1	ENST00000675419	6088	6507	-456	-0.07008
TWAO-102552878-W23-5092-BM-lib1	FILTERED	base_quality;weak_evidence;LowVAF	chr5	171410538	171410539	C	A	NPM1	ENST00000296930	1783	2279	-496	-0.21764
TWAO-201796057-W23-5143-BM2-lib1	FILTERED	StrandSupport	chrX	130013865	130013866	G	GCCCACCGTCGACC	BCORL1	ENST00000540052	2745	4069	-506	-0.12435
TWAO-108032713-W23-5115-BM2-lib1	FILTERED	StrandSupport	chrX	130013865	130013866	G	GCCCACCGTCTACC	BCORL1	ENST00000540052	3095	4252	-508	-0.11947
TWAO-103144074-W23-5051-BM-lib1	FILTERED	base_quality;no_reliable_supporting_read;weak_evidence;LowVAF	chrX	124061799	124061800	A	T	STAG2	ENST00000371145	1876	2400	-524	-0.21833
TWAO-201938262-W23-5253-BM-lib1	FILTERED	base_quality;weak_evidence;LowVAF	chr8	116856230	116856231	G	T	RAD21	ENST00000297338	3652	4268	-616	-0.14433
TWAO-105982473-W23-5162-BM-lib1	FILTERED	StrandSupport;LowQualReads;LowVAF	chrX	130013865	130013866	G	GCCCACCGTGGGCC	BCORL1	ENST00000540052	2783	3402	-619	-0.18195
TWAO-200054718-W23-5200-BM-lib1	FILTERED	base_quality;LowVAF	chr8	116856228	116856229	C	A	RAD21	ENST00000297338	3444	5302	-635	-0.11977
TWAO-106352110-W23-5075-BM-lib1	FILTERED	base_quality;weak_evidence;LowVAF	chrX	124061815	124061816	G	T	STAG2	ENST00000371145	1449	2104	-655	-0.31131
TWAO-105163199-W23-5089-BM-lib1	FILTERED	StrandSupport;LowVAF	chrX	130013865	130013866	G	GCCCACCTTCTACC	BCORL1	ENST00000540052	2530	3007	-678	-0.22547
TWAO-MS-Positive-Control-W22-6944-BM-lib16	FILTERED	base_quality;LowVAF	chrX	124061778	124061779	G	T	STAG2	ENST00000371145	1414	2309	-895	-0.38761
TWAO-106444776-W23-5197-PB-lib1	TIER1-3	PASS	chr4	105269643	105269644	T	G	TET2	ENST00000380013	3674	1178	-1064	-0.90323
TWAO-106444776-W23-5197-PB-lib1	TIER1-3	PASS	chr4	105269643	105269644	T	A	TET2	ENST00000380013	3674	1178	-1064	-0.90323
TWAO-107016815-W23-5248-PB-lib1	FILTERED	base_quality;weak_evidence;LowVAF	chr8	116856232	116856233	C	A	RAD21	ENST00000297338	4281	5364	-1083	-0.2019
TWAO-102552878-W23-5092-BM-lib1	FILTERED	StrandSupport;LowQualReads	chrX	130013880	130013921	CCCACCCTCATCCCCGCCTTTGCTCCTACACCGGTGCCTGCA	C	BCORL1	ENST00000540052	3043	5348	-1089	-0.20363
TWAO-200249928-W23-5250-BM-lib1	FILTERED	base_quality	chr21	34792294	34792295	A	T	RUNX1	ENST00000675419	348	1655	-1307	-0.78973
TWAO-201723434-W23-5114-BM-lib1	FILTERED	StrandSupport;LowQualReadBias;LowQualReads	chr17	31232131	31232216	CAGCCTGAAGAAGGAGATGGTGTGGAATTGATGGAAGCCAAATCACAGTTATTTCTTAAGTAAATTTCAGTCACCAAAAAACATAA	C	NF1	ENST00000358273	3137	4552	-1415	-0.31085
TWAO-202153377-W23-5261-BM-lib1	FILTERED	base_quality;weak_evidence;LowVAF	chrX	124061810	124061811	G	T	STAG2	ENST00000371145	1111	2627	-1516	-0.57708
TWAO-200249928-W23-5250-BM-lib1	FILTERED	read_position;LowVAF	chr12	25245318	25245319	C	A	KRAS	ENST00000311936	2817	5681	-2864	-0.50414
TWAO-202035007-W23-5244-BM-lib1	TIER1-3	PASS	chr11	32434950	32434951	CG	C	WT1	ENST00000452863	2133	5189	-3056	-0.58894
TWAO-107196322-W23-5284-BM-lib1	TIER1-3	PASS	chr11	32396396	32396397	C	CGTCGGCCGAA	WT1	ENST00000452863	3691	7556	-3865	-0.51151
TWAO-103562837-W23-5141-BM2-lib1	TIER1-3	PASS	chr20	32434743	32434744	A	AG	ASXL1	ENST00000375687	2236	6423	-4187	-0.65188
